cloudcover_mean val_MAE,cloudcover_mean val_MAPE,cloudcover_mean val_RMSE,cloudcover_mean val_SMAPE,epoch,humidity_mean val_MAE,humidity_mean val_MAPE,humidity_mean val_RMSE,humidity_mean val_SMAPE,lr-AdamW,precip_sum val_MAE,precip_sum val_MAPE,precip_sum val_RMSE,precip_sum val_SMAPE,pressure_mean val_MAE,pressure_mean val_MAPE,pressure_mean val_RMSE,pressure_mean val_SMAPE,step,temp_max val_MAE,temp_max val_MAPE,temp_max val_RMSE,temp_max val_SMAPE,temp_min val_MAE,temp_min val_MAPE,temp_min val_RMSE,temp_min val_SMAPE,train_loss_epoch,train_loss_step,val_loss,wind_max val_MAE,wind_max val_MAPE,wind_max val_RMSE,wind_max val_SMAPE,wind_mean val_MAE,wind_mean val_MAPE,wind_mean val_RMSE,wind_mean val_SMAPE
,,,,,,,,,0.001,,,,,,,,,0,,,,,,,,,,,,,,,,,,,
,,,,0,,,,,,,,,,,,,,4,,,,,,,,,,63.07607650756836,,,,,,,,,
,,,,0,,,,,,,,,,,,,,9,,,,,,,,,,50.53582763671875,,,,,,,,,
,,,,0,,,,,,,,,,,,,,14,,,,,,,,,,43.1931037902832,,,,,,,,,
,,,,0,,,,,,,,,,,,,,19,,,,,,,,,,39.05572509765625,,,,,,,,,
,,,,0,,,,,,,,,,,,,,24,,,,,,,,,,36.607215881347656,,,,,,,,,
12.096903800964355,274262944.0,19.583276748657227,0.32785236835479736,0,12.31015396118164,0.19715559482574463,13.990036010742188,0.17190073430538177,,0.46022525429725647,2042051.5,1.2217496633529663,1.4361214637756348,7.1641669273376465,0.007050258573144674,9.202335357666016,0.007058950141072273,27,9.579180717468262,4.645090579986572,11.187884330749512,1.1073989868164062,6.473911285400391,2.3763599395751953,7.665625095367432,1.5203434228897095,,,37.661319732666016,5.1673502922058105,0.3972032964229584,6.027287006378174,0.314056932926178,2.997570037841797,0.3470980226993561,3.702662706375122,0.27954888343811035
,,,,0,,,,,,,,,,,,,,27,,,,,,,,,48.607120513916016,,,,,,,,,,
,,,,,,,,,0.001,,,,,,,,,28,,,,,,,,,,,,,,,,,,,
,,,,1,,,,,,,,,,,,,,29,,,,,,,,,,32.02845001220703,,,,,,,,,
,,,,1,,,,,,,,,,,,,,34,,,,,,,,,,30.33510971069336,,,,,,,,,
,,,,1,,,,,,,,,,,,,,39,,,,,,,,,,27.953962326049805,,,,,,,,,
,,,,1,,,,,,,,,,,,,,44,,,,,,,,,,27.178804397583008,,,,,,,,,
,,,,1,,,,,,,,,,,,,,49,,,,,,,,,,24.917373657226562,,,,,,,,,
,,,,1,,,,,,,,,,,,,,54,,,,,,,,,,24.205846786499023,,,,,,,,,
6.849605083465576,123243896.0,10.028294563293457,0.2823692858219147,1,10.069613456726074,0.16844533383846283,12.053074836730957,0.14383016526699066,,0.4573952853679657,20590.3515625,1.2376621961593628,1.6977921724319458,6.738075256347656,0.00663886358961463,8.534886360168457,0.006638759281486273,55,4.96960973739624,1.4299653768539429,5.715084075927734,1.0843418836593628,4.231963634490967,1.093503713607788,5.429315090179443,1.1382213830947876,,,27.398160934448242,4.490609645843506,0.3442791998386383,5.302148818969727,0.2790304124355316,2.9369781017303467,0.3513242304325104,3.68608021736145,0.27386024594306946
,,,,1,,,,,,,,,,,,,,55,,,,,,,,,27.672861099243164,,,,,,,,,,
,,,,,,,,,0.001,,,,,,,,,56,,,,,,,,,,,,,,,,,,,
,,,,2,,,,,,,,,,,,,,59,,,,,,,,,,22.983585357666016,,,,,,,,,
,,,,2,,,,,,,,,,,,,,64,,,,,,,,,,22.116161346435547,,,,,,,,,
,,,,2,,,,,,,,,,,,,,69,,,,,,,,,,20.238525390625,,,,,,,,,
,,,,2,,,,,,,,,,,,,,74,,,,,,,,,,19.80464744567871,,,,,,,,,
,,,,2,,,,,,,,,,,,,,79,,,,,,,,,,18.038536071777344,,,,,,,,,
3.3578388690948486,30264704.0,4.3786139488220215,0.22574199736118317,2,9.091468811035156,0.15054716169834137,10.90742015838623,0.1312994658946991,,0.4573463499546051,11296.58203125,1.2376948595046997,1.6168708801269531,5.4518656730651855,0.005392197519540787,7.128284454345703,0.005375905428081751,83,3.514902114868164,0.8930646777153015,4.410376071929932,0.8974013328552246,3.1998116970062256,0.7327578067779541,4.420417785644531,0.7149308323860168,,,20.58034324645996,2.103931427001953,0.17065171897411346,2.7688276767730713,0.1460399478673935,2.258147954940796,0.2723515033721924,2.820552110671997,0.21978163719177246
,,,,2,,,,,,,,,,,,,,83,,,,,,,,,20.435714721679688,,,,,,,,,,
,,,,,,,,,0.001,,,,,,,,,84,,,,,,,,,,,,,,,,,,,
,,,,3,,,,,,,,,,,,,,84,,,,,,,,,,17.723960876464844,,,,,,,,,
,,,,3,,,,,,,,,,,,,,89,,,,,,,,,,17.629619598388672,,,,,,,,,
,,,,3,,,,,,,,,,,,,,94,,,,,,,,,,16.535551071166992,,,,,,,,,
,,,,3,,,,,,,,,,,,,,99,,,,,,,,,,16.626220703125,,,,,,,,,
,,,,3,,,,,,,,,,,,,,104,,,,,,,,,,16.169113159179688,,,,,,,,,
,,,,3,,,,,,,,,,,,,,109,,,,,,,,,,14.978903770446777,,,,,,,,,
2.0648930072784424,19834174.0,2.6690680980682373,0.18894343078136444,3,7.589300632476807,0.12477749586105347,9.153075218200684,0.11135890334844589,,0.45726481080055237,2710.869140625,1.2376972436904907,1.7331962585449219,4.869307994842529,0.004815759137272835,6.336668014526367,0.00480229826644063,111,2.65067195892334,0.6063510179519653,3.4675281047821045,0.6525248289108276,2.1045570373535156,0.6098685264587402,2.9978625774383545,0.4951896667480469,,,16.265779495239258,1.6958144903182983,0.13135987520217896,2.167834520339966,0.11969069391489029,1.9397262334823608,0.21754257380962372,2.4216301441192627,0.19001562893390656
,,,,3,,,,,,,,,,,,,,111,,,,,,,,,16.611370086669922,,,,,,,,,,
,,,,,,,,,0.001,,,,,,,,,112,,,,,,,,,,,,,,,,,,,
,,,,4,,,,,,,,,,,,,,114,,,,,,,,,,15.327363967895508,,,,,,,,,
,,,,4,,,,,,,,,,,,,,119,,,,,,,,,,15.070331573486328,,,,,,,,,
,,,,4,,,,,,,,,,,,,,124,,,,,,,,,,14.375407218933105,,,,,,,,,
,,,,4,,,,,,,,,,,,,,129,,,,,,,,,,14.815500259399414,,,,,,,,,
,,,,4,,,,,,,,,,,,,,134,,,,,,,,,,14.143614768981934,,,,,,,,,
,,,,4,,,,,,,,,,,,,,139,,,,,,,,,,14.049625396728516,,,,,,,,,
1.536012053489685,4421533.5,1.9680505990982056,0.1610790193080902,4,6.596537113189697,0.1076771542429924,8.013289451599121,0.09772682934999466,,0.45724615454673767,721.490234375,1.2376976013183594,1.8070926666259766,3.5424110889434814,0.0034973497968167067,4.754002094268799,0.0034931711852550507,139,2.3751161098480225,0.5507042407989502,3.183565378189087,0.6110591292381287,2.0802595615386963,0.5690853595733643,2.9056482315063477,0.5115132927894592,,,13.986409187316895,1.5111151933670044,0.11771931499242783,1.9465423822402954,0.1082834005355835,1.818293571472168,0.20480000972747803,2.2962241172790527,0.17858736217021942
,,,,4,,,,,,,,,,,,,,139,,,,,,,,,14.427656173706055,,,,,,,,,,
,,,,,,,,,0.001,,,,,,,,,140,,,,,,,,,,,,,,,,,,,
,,,,5,,,,,,,,,,,,,,144,,,,,,,,,,12.824935913085938,,,,,,,,,
,,,,5,,,,,,,,,,,,,,149,,,,,,,,,,13.152690887451172,,,,,,,,,
,,,,5,,,,,,,,,,,,,,154,,,,,,,,,,12.768468856811523,,,,,,,,,
,,,,5,,,,,,,,,,,,,,159,,,,,,,,,,12.746641159057617,,,,,,,,,
,,,,5,,,,,,,,,,,,,,164,,,,,,,,,,12.21699333190918,,,,,,,,,
1.572780966758728,4145267.0,1.9781494140625,0.15287619829177856,5,6.340975284576416,0.1042666956782341,7.749832630157471,0.09448304027318954,,0.4572453498840332,619.9769897460938,1.237697720527649,1.710176944732666,2.469241142272949,0.0024329277221113443,3.499023199081421,0.0024331898894160986,167,1.989538550376892,0.4643341600894928,2.7115821838378906,0.5297780632972717,1.6083873510360718,0.548643171787262,2.3280608654022217,0.4329119622707367,,,11.853222846984863,1.0182671546936035,0.07695461064577103,1.2749258279800415,0.07472173124551773,1.6228923797607422,0.17328228056430817,1.9834884405136108,0.15976069867610931
,,,,5,,,,,,,,,,,,,,167,,,,,,,,,12.712578773498535,,,,,,,,,,
,,,,,,,,,0.001,,,,,,,,,168,,,,,,,,,,,,,,,,,,,
,,,,6,,,,,,,,,,,,,,169,,,,,,,,,,12.371463775634766,,,,,,,,,
,,,,6,,,,,,,,,,,,,,174,,,,,,,,,,11.773359298706055,,,,,,,,,
,,,,6,,,,,,,,,,,,,,179,,,,,,,,,,11.334375381469727,,,,,,,,,
,,,,6,,,,,,,,,,,,,,184,,,,,,,,,,11.333477973937988,,,,,,,,,
,,,,6,,,,,,,,,,,,,,189,,,,,,,,,,10.674520492553711,,,,,,,,,
,,,,6,,,,,,,,,,,,,,194,,,,,,,,,,10.747519493103027,,,,,,,,,
1.2861518859863281,3332721.0,1.604568600654602,0.13598929345607758,6,5.481597423553467,0.09009122103452682,6.677841663360596,0.08285601437091827,,0.4572477638721466,856.2218627929688,1.237697720527649,1.7104214429855347,2.1845703125,0.0021556213032454252,2.924983024597168,0.002156197791919112,195,1.956247329711914,0.47619739174842834,2.5807836055755615,0.5050162076950073,1.4675050973892212,0.4964934289455414,2.1373493671417236,0.38597020506858826,,,10.296890258789062,0.7498829960823059,0.055137988179922104,0.9393168091773987,0.05469682812690735,1.519240379333496,0.15699242055416107,1.8087555170059204,0.14888916909694672
,,,,6,,,,,,,,,,,,,,195,,,,,,,,,11.290240287780762,,,,,,,,,,
,,,,,,,,,0.001,,,,,,,,,196,,,,,,,,,,,,,,,,,,,
,,,,7,,,,,,,,,,,,,,199,,,,,,,,,,10.416919708251953,,,,,,,,,
,,,,7,,,,,,,,,,,,,,204,,,,,,,,,,10.643957138061523,,,,,,,,,
,,,,7,,,,,,,,,,,,,,209,,,,,,,,,,10.353036880493164,,,,,,,,,
,,,,7,,,,,,,,,,,,,,214,,,,,,,,,,10.117152214050293,,,,,,,,,
,,,,7,,,,,,,,,,,,,,219,,,,,,,,,,9.943426132202148,,,,,,,,,
0.9933574795722961,4998226.0,1.2947074174880981,0.1318732053041458,7,5.408456325531006,0.0894654393196106,6.580482482910156,0.08216095715761185,,0.4572559595108032,1683.6956787109375,1.237697720527649,1.6579885482788086,1.5164116621017456,0.0014957310631871223,2.1822121143341064,0.0014945603907108307,223,1.810498833656311,0.4597219228744507,2.509960651397705,0.4937821924686432,1.1712857484817505,0.3792387545108795,1.835248351097107,0.2967090606689453,,,9.145615577697754,0.5957115292549133,0.04306170344352722,0.7775616645812988,0.04295896366238594,1.4779187440872192,0.14831256866455078,1.7124338150024414,0.14504235982894897
,,,,7,,,,,,,,,,,,,,223,,,,,,,,,10.2510347366333,,,,,,,,,,
,,,,,,,,,0.001,,,,,,,,,224,,,,,,,,,,,,,,,,,,,
,,,,8,,,,,,,,,,,,,,224,,,,,,,,,,9.83314323425293,,,,,,,,,
,,,,8,,,,,,,,,,,,,,229,,,,,,,,,,9.752141952514648,,,,,,,,,
,,,,8,,,,,,,,,,,,,,234,,,,,,,,,,9.243156433105469,,,,,,,,,
,,,,8,,,,,,,,,,,,,,239,,,,,,,,,,9.425931930541992,,,,,,,,,
,,,,8,,,,,,,,,,,,,,244,,,,,,,,,,9.023639678955078,,,,,,,,,
,,,,8,,,,,,,,,,,,,,249,,,,,,,,,,9.178642272949219,,,,,,,,,
1.14250910282135,8129201.5,1.4167089462280273,0.15580643713474274,8,5.199626922607422,0.08479276299476624,6.379022598266602,0.07869144529104233,,0.4572555720806122,1625.578125,1.237697720527649,1.5765210390090942,1.37088143825531,0.0013530416181311011,1.8573883771896362,0.00135229027364403,251,1.7705774307250977,0.4324394762516022,2.4692118167877197,0.4790690839290619,1.0790716409683228,0.37326207756996155,1.680167317390442,0.2842353582382202,,,8.650458335876465,0.5366058945655823,0.038624268025159836,0.7153515815734863,0.03928689658641815,1.4139350652694702,0.14114266633987427,1.6559134721755981,0.13969947397708893
,,,,8,,,,,,,,,,,,,,251,,,,,,,,,9.449034690856934,,,,,,,,,,
,,,,,,,,,0.001,,,,,,,,,252,,,,,,,,,,,,,,,,,,,
,,,,9,,,,,,,,,,,,,,254,,,,,,,,,,9.245025634765625,,,,,,,,,
,,,,9,,,,,,,,,,,,,,259,,,,,,,,,,9.19468879699707,,,,,,,,,
,,,,9,,,,,,,,,,,,,,264,,,,,,,,,,8.798922538757324,,,,,,,,,
,,,,9,,,,,,,,,,,,,,269,,,,,,,,,,8.665273666381836,,,,,,,,,
,,,,9,,,,,,,,,,,,,,274,,,,,,,,,,8.605728149414062,,,,,,,,,
,,,,9,,,,,,,,,,,,,,279,,,,,,,,,,8.604689598083496,,,,,,,,,
1.0990253686904907,6767664.5,1.3289978504180908,0.139143168926239,9,5.460127353668213,0.09101808071136475,6.66614294052124,0.08309266716241837,,0.457244873046875,536.3485717773438,1.2376978397369385,1.4127397537231445,1.130073070526123,0.0011161528527736664,1.552871823310852,0.0011155970860272646,279,1.6039724349975586,0.3749774694442749,2.203840494155884,0.38587066531181335,1.0700122117996216,0.37998637557029724,1.6342681646347046,0.3029606342315674,,,8.320411682128906,0.4782775938510895,0.03455983102321625,0.615849494934082,0.034863200038671494,1.3487154245376587,0.1348833441734314,1.5927000045776367,0.13275688886642456
,,,,9,,,,,,,,,,,,,,279,,,,,,,,,8.796902656555176,,,,,,,,,,
,,,,,,,,,0.001,,,,,,,,,280,,,,,,,,,,,,,,,,,,,
,,,,10,,,,,,,,,,,,,,284,,,,,,,,,,8.24039077758789,,,,,,,,,
,,,,10,,,,,,,,,,,,,,289,,,,,,,,,,8.127593040466309,,,,,,,,,
,,,,10,,,,,,,,,,,,,,294,,,,,,,,,,8.258123397827148,,,,,,,,,
,,,,10,,,,,,,,,,,,,,299,,,,,,,,,,8.276958465576172,,,,,,,,,
,,,,10,,,,,,,,,,,,,,304,,,,,,,,,,8.355852127075195,,,,,,,,,
0.751969039440155,4869839.5,0.9906980395317078,0.15888160467147827,10,5.082303524017334,0.08354676514863968,6.241601467132568,0.07713337987661362,,0.45724478363990784,528.363525390625,1.2376978397369385,1.3924256563186646,1.0534226894378662,0.0010398710146546364,1.4435316324234009,0.0010391250252723694,307,1.5990147590637207,0.38016414642333984,2.2179534435272217,0.4207823574542999,1.1685032844543457,0.44829487800598145,1.7420988082885742,0.3557356595993042,,,7.885833740234375,0.4370518922805786,0.031305838376283646,0.5795412063598633,0.03142677620053291,1.3410228490829468,0.13299165666103363,1.5932039022445679,0.13171015679836273
,,,,10,,,,,,,,,,,,,,307,,,,,,,,,8.369131088256836,,,,,,,,,,
,,,,,,,,,0.001,,,,,,,,,308,,,,,,,,,,,,,,,,,,,
,,,,11,,,,,,,,,,,,,,309,,,,,,,,,,8.118924140930176,,,,,,,,,
,,,,11,,,,,,,,,,,,,,314,,,,,,,,,,7.991809368133545,,,,,,,,,
,,,,11,,,,,,,,,,,,,,319,,,,,,,,,,8.045743942260742,,,,,,,,,
,,,,11,,,,,,,,,,,,,,324,,,,,,,,,,8.151764869689941,,,,,,,,,
,,,,11,,,,,,,,,,,,,,329,,,,,,,,,,7.687885284423828,,,,,,,,,
,,,,11,,,,,,,,,,,,,,334,,,,,,,,,,7.8435163497924805,,,,,,,,,
0.7150587439537048,4010256.0,0.913750410079956,0.12485996633768082,11,5.331788063049316,0.08731982111930847,6.558170318603516,0.08024575561285019,,0.45724353194236755,395.0570983886719,1.2376978397369385,1.3056288957595825,0.9498946070671082,0.000937814183998853,1.342958927154541,0.0009370734333060682,335,1.4457788467407227,0.3546653985977173,2.011927843093872,0.3456064462661743,1.0155372619628906,0.4004134237766266,1.5246230363845825,0.31416139006614685,,,7.6118011474609375,0.4130971431732178,0.029605155810713768,0.5591943264007568,0.029951641336083412,1.3242987394332886,0.13230043649673462,1.5485738515853882,0.12998051941394806
,,,,11,,,,,,,,,,,,,,335,,,,,,,,,7.9965081214904785,,,,,,,,,,
,,,,,,,,,0.001,,,,,,,,,336,,,,,,,,,,,,,,,,,,,
,,,,12,,,,,,,,,,,,,,339,,,,,,,,,,7.815133094787598,,,,,,,,,
,,,,12,,,,,,,,,,,,,,344,,,,,,,,,,7.859333038330078,,,,,,,,,
,,,,12,,,,,,,,,,,,,,349,,,,,,,,,,7.944832801818848,,,,,,,,,
,,,,12,,,,,,,,,,,,,,354,,,,,,,,,,7.500154972076416,,,,,,,,,
,,,,12,,,,,,,,,,,,,,359,,,,,,,,,,7.430809020996094,,,,,,,,,
0.9102088809013367,7981034.5,1.1223804950714111,0.13943181931972504,12,5.606470584869385,0.09178420901298523,6.881494045257568,0.08397986739873886,,0.4572423994541168,286.4154968261719,1.2376978397369385,1.2697709798812866,0.7716383934020996,0.0007627676823176444,1.1949914693832397,0.0007621484692208469,363,1.447275996208191,0.34881821274757385,1.9372469186782837,0.3479790687561035,0.9657754302024841,0.36417508125305176,1.4478944540023804,0.3067868649959564,,,7.756557464599609,0.3851759433746338,0.028425969183444977,0.49380621314048767,0.028759805485606194,1.3174142837524414,0.129195436835289,1.5637975931167603,0.12844853103160858
,,,,12,,,,,,,,,,,,,,363,,,,,,,,,7.692079067230225,,,,,,,,,,
,,,,,,,,,0.001,,,,,,,,,364,,,,,,,,,,,,,,,,,,,
,,,,13,,,,,,,,,,,,,,364,,,,,,,,,,7.420212268829346,,,,,,,,,
,,,,13,,,,,,,,,,,,,,369,,,,,,,,,,7.731209754943848,,,,,,,,,
,,,,13,,,,,,,,,,,,,,374,,,,,,,,,,7.572293281555176,,,,,,,,,
,,,,13,,,,,,,,,,,,,,379,,,,,,,,,,7.614665985107422,,,,,,,,,
,,,,13,,,,,,,,,,,,,,384,,,,,,,,,,7.338263511657715,,,,,,,,,
,,,,13,,,,,,,,,,,,,,389,,,,,,,,,,7.619616508483887,,,,,,,,,
0.6765407919883728,6704065.5,0.8861933350563049,0.1266486942768097,13,5.5050506591796875,0.09053457528352737,6.746853351593018,0.08285447210073471,,0.4572417438030243,219.91188049316406,1.2376978397369385,1.2805858850479126,0.7400423884391785,0.0007323813624680042,1.0834020376205444,0.0007321636658161879,391,1.386070728302002,0.3525080978870392,1.8973722457885742,0.34194716811180115,0.9202530980110168,0.4064265787601471,1.3827921152114868,0.32575443387031555,,,7.59626579284668,0.35530757904052734,0.024882560595870018,0.5060523152351379,0.024665139615535736,1.295542597770691,0.12871430814266205,1.5408371686935425,0.12637771666049957
,,,,13,,,,,,,,,,,,,,391,,,,,,,,,7.4715776443481445,,,,,,,,,,
,,,,,,,,,0.001,,,,,,,,,392,,,,,,,,,,,,,,,,,,,
,,,,14,,,,,,,,,,,,,,394,,,,,,,,,,7.529634475708008,,,,,,,,,
,,,,14,,,,,,,,,,,,,,399,,,,,,,,,,7.149725914001465,,,,,,,,,
,,,,14,,,,,,,,,,,,,,404,,,,,,,,,,7.431602954864502,,,,,,,,,
,,,,14,,,,,,,,,,,,,,409,,,,,,,,,,7.465554237365723,,,,,,,,,
,,,,14,,,,,,,,,,,,,,414,,,,,,,,,,7.2486348152160645,,,,,,,,,
,,,,14,,,,,,,,,,,,,,419,,,,,,,,,,7.3820366859436035,,,,,,,,,
0.7936603426933289,3968282.25,0.9757657051086426,0.12905855476856232,14,4.769533157348633,0.07749579101800919,5.929533004760742,0.07200930267572403,,0.45724281668663025,325.4689636230469,1.2376978397369385,1.2932403087615967,0.7085461616516113,0.0006998868775554001,1.0239372253417969,0.0006994978175498545,419,1.2910847663879395,0.33505359292030334,1.7795203924179077,0.32286444306373596,0.7873191833496094,0.3271638751029968,1.2298473119735718,0.267991840839386,,,6.798056125640869,0.3486579954624176,0.024473659694194794,0.47281479835510254,0.024470828473567963,1.311773419380188,0.129542276263237,1.5384230613708496,0.12773101031780243
,,,,14,,,,,,,,,,,,,,419,,,,,,,,,7.303572654724121,,,,,,,,,,
,,,,,,,,,0.001,,,,,,,,,420,,,,,,,,,,,,,,,,,,,
,,,,15,,,,,,,,,,,,,,424,,,,,,,,,,7.178195953369141,,,,,,,,,
,,,,15,,,,,,,,,,,,,,429,,,,,,,,,,7.259666919708252,,,,,,,,,
,,,,15,,,,,,,,,,,,,,434,,,,,,,,,,7.157389163970947,,,,,,,,,
,,,,15,,,,,,,,,,,,,,439,,,,,,,,,,7.0797200202941895,,,,,,,,,
,,,,15,,,,,,,,,,,,,,444,,,,,,,,,,6.803598403930664,,,,,,,,,
0.524603545665741,1497752.875,0.6912119388580322,0.12061053514480591,15,4.963752269744873,0.08081609010696411,6.139774799346924,0.07466334104537964,,0.4572424590587616,288.8282165527344,1.2376978397369385,1.2654889822006226,0.6641024947166443,0.0006560373003594577,0.9731456637382507,0.0006557412561960518,447,1.2854927778244019,0.3535381257534027,1.780293583869934,0.32752373814582825,0.7534818649291992,0.27458059787750244,1.184539556503296,0.23426829278469086,,,6.843576908111572,0.3843771517276764,0.027499401941895485,0.50139981508255,0.027826130390167236,1.2942472696304321,0.12826406955718994,1.5282138586044312,0.12631011009216309
,,,,15,,,,,,,,,,,,,,447,,,,,,,,,7.145641326904297,,,,,,,,,,
,,,,,,,,,0.001,,,,,,,,,448,,,,,,,,,,,,,,,,,,,
,,,,16,,,,,,,,,,,,,,449,,,,,,,,,,6.741299629211426,,,,,,,,,
,,,,16,,,,,,,,,,,,,,454,,,,,,,,,,6.8446526527404785,,,,,,,,,
,,,,16,,,,,,,,,,,,,,459,,,,,,,,,,7.0479841232299805,,,,,,,,,
,,,,16,,,,,,,,,,,,,,464,,,,,,,,,,7.051061153411865,,,,,,,,,
,,,,16,,,,,,,,,,,,,,469,,,,,,,,,,6.80317497253418,,,,,,,,,
,,,,16,,,,,,,,,,,,,,474,,,,,,,,,,6.799768447875977,,,,,,,,,
0.5789201259613037,3742618.0,0.7519404292106628,0.1431780457496643,16,5.034755229949951,0.08210212737321854,6.2290358543396,0.07565145939588547,,0.4572420120239258,239.30810546875,1.2376978397369385,1.2315306663513184,0.5712736248970032,0.0005647543584927917,0.8951751589775085,0.0005644261837005615,475,1.2433874607086182,0.323758989572525,1.702239990234375,0.31463322043418884,0.7869341969490051,0.32084643840789795,1.2004071474075317,0.2685886323451996,,,6.854737758636475,0.3236696124076843,0.023229675367474556,0.43503251671791077,0.023361770436167717,1.2823141813278198,0.1284925937652588,1.5223275423049927,0.125276580452919
,,,,16,,,,,,,,,,,,,,475,,,,,,,,,6.950436115264893,,,,,,,,,,
,,,,,,,,,0.001,,,,,,,,,476,,,,,,,,,,,,,,,,,,,
,,,,17,,,,,,,,,,,,,,479,,,,,,,,,,6.83359432220459,,,,,,,,,
,,,,17,,,,,,,,,,,,,,484,,,,,,,,,,6.754255294799805,,,,,,,,,
,,,,17,,,,,,,,,,,,,,489,,,,,,,,,,6.991415023803711,,,,,,,,,
,,,,17,,,,,,,,,,,,,,494,,,,,,,,,,6.6528825759887695,,,,,,,,,
,,,,17,,,,,,,,,,,,,,499,,,,,,,,,,6.784287929534912,,,,,,,,,
0.5150287747383118,3273183.25,0.6896572709083557,0.11526326090097427,17,4.870804786682129,0.07864067703485489,5.989054203033447,0.07311517745256424,,0.45724281668663025,328.3729553222656,1.2376978397369385,1.264005184173584,0.5924170017242432,0.0005856389761902392,0.884937047958374,0.0005853960756212473,503,1.1944109201431274,0.3240445554256439,1.6553211212158203,0.3030546009540558,0.8129916787147522,0.34461021423339844,1.2421287298202515,0.2919573485851288,,,6.568305969238281,0.3191929757595062,0.022816596552729607,0.418077677488327,0.022951314225792885,1.3162094354629517,0.1288575977087021,1.5435618162155151,0.12755019962787628
,,,,17,,,,,,,,,,,,,,503,,,,,,,,,6.794704437255859,,,,,,,,,,
,,,,,,,,,0.001,,,,,,,,,504,,,,,,,,,,,,,,,,,,,
,,,,18,,,,,,,,,,,,,,504,,,,,,,,,,6.754514694213867,,,,,,,,,
,,,,18,,,,,,,,,,,,,,509,,,,,,,,,,6.650026321411133,,,,,,,,,
,,,,18,,,,,,,,,,,,,,514,,,,,,,,,,6.821037292480469,,,,,,,,,
,,,,18,,,,,,,,,,,,,,519,,,,,,,,,,6.743525505065918,,,,,,,,,
,,,,18,,,,,,,,,,,,,,524,,,,,,,,,,6.397704124450684,,,,,,,,,
,,,,18,,,,,,,,,,,,,,529,,,,,,,,,,6.881944179534912,,,,,,,,,
0.5016726851463318,5470390.0,0.6808603405952454,0.12177479267120361,18,5.278030872344971,0.08611172437667847,6.52502965927124,0.07901419699192047,,0.4572407901287079,123.07366180419922,1.2376978397369385,1.2073720693588257,0.4776777923107147,0.00047248220653273165,0.7264408469200134,0.00047230510972440243,531,1.158028483390808,0.32016244530677795,1.5663319826126099,0.3038775622844696,0.6666092872619629,0.26797130703926086,1.01465904712677,0.23401474952697754,,,6.716015338897705,0.3950808048248291,0.028809165582060814,0.47354450821876526,0.029283074662089348,1.2518435716629028,0.12552304565906525,1.4984818696975708,0.12220987677574158
,,,,18,,,,,,,,,,,,,,531,,,,,,,,,6.635456562042236,,,,,,,,,,
,,,,,,,,,0.001,,,,,,,,,532,,,,,,,,,,,,,,,,,,,
,,,,19,,,,,,,,,,,,,,534,,,,,,,,,,6.614227294921875,,,,,,,,,
,,,,19,,,,,,,,,,,,,,539,,,,,,,,,,6.6031646728515625,,,,,,,,,
,,,,19,,,,,,,,,,,,,,544,,,,,,,,,,6.422195911407471,,,,,,,,,
,,,,19,,,,,,,,,,,,,,549,,,,,,,,,,6.175058841705322,,,,,,,,,
,,,,19,,,,,,,,,,,,,,554,,,,,,,,,,6.780176639556885,,,,,,,,,
,,,,19,,,,,,,,,,,,,,559,,,,,,,,,,6.445362091064453,,,,,,,,,
0.46781206130981445,2977260.0,0.6128196716308594,0.11050579696893692,19,5.396742343902588,0.08778699487447739,6.65302848815918,0.08051840215921402,,0.45724043250083923,87.92330169677734,1.2376978397369385,1.1737570762634277,0.5072945952415466,0.0005017945659346879,0.7359264492988586,0.0005017204093746841,559,1.1462427377700806,0.34100818634033203,1.540338397026062,0.3107301890850067,0.7021633982658386,0.31513136625289917,1.0279124975204468,0.27228325605392456,,,6.718510150909424,0.2852337658405304,0.020991982892155647,0.3701592981815338,0.021095268428325653,1.2574654817581177,0.12516093254089355,1.4977930784225464,0.12241395562887192
,,,,19,,,,,,,,,,,,,,559,,,,,,,,,6.4814348220825195,,,,,,,,,,
,,,,,,,,,0.001,,,,,,,,,560,,,,,,,,,,,,,,,,,,,
,,,,20,,,,,,,,,,,,,,564,,,,,,,,,,6.408252239227295,,,,,,,,,
,,,,20,,,,,,,,,,,,,,569,,,,,,,,,,6.333745002746582,,,,,,,,,
,,,,20,,,,,,,,,,,,,,574,,,,,,,,,,6.335043907165527,,,,,,,,,
,,,,20,,,,,,,,,,,,,,579,,,,,,,,,,6.104519844055176,,,,,,,,,
,,,,20,,,,,,,,,,,,,,584,,,,,,,,,,6.292153358459473,,,,,,,,,
0.4732341468334198,2710501.0,0.6276955604553223,0.11474833637475967,20,4.719951152801514,0.07652557641267776,5.826202869415283,0.07116764783859253,,0.4572407007217407,112.0340576171875,1.2376978397369385,1.1951216459274292,0.4605672061443329,0.00045537890400737524,0.6722189784049988,0.00045528216287493706,587,1.0484122037887573,0.3196588456630707,1.4414429664611816,0.2938549518585205,0.6071035265922546,0.24071715772151947,0.9331173896789551,0.20319963991641998,,,6.1112494468688965,0.2828640937805176,0.02065332420170307,0.3642702102661133,0.020746706053614616,1.2657241821289062,0.12616367638111115,1.502790927886963,0.12318721413612366
,,,,20,,,,,,,,,,,,,,587,,,,,,,,,6.3844828605651855,,,,,,,,,,
,,,,,,,,,0.001,,,,,,,,,588,,,,,,,,,,,,,,,,,,,
,,,,21,,,,,,,,,,,,,,589,,,,,,,,,,6.1268792152404785,,,,,,,,,
,,,,21,,,,,,,,,,,,,,594,,,,,,,,,,6.17058801651001,,,,,,,,,
,,,,21,,,,,,,,,,,,,,599,,,,,,,,,,6.309685707092285,,,,,,,,,
,,,,21,,,,,,,,,,,,,,604,,,,,,,,,,6.38881778717041,,,,,,,,,
,,,,21,,,,,,,,,,,,,,609,,,,,,,,,,6.285616397857666,,,,,,,,,
,,,,21,,,,,,,,,,,,,,614,,,,,,,,,,6.3214111328125,,,,,,,,,
0.5547676086425781,6166810.5,0.7419600486755371,0.1266796737909317,21,4.47661828994751,0.07153791934251785,5.432749271392822,0.06740275025367737,,0.4572417438030243,219.43910217285156,1.2376978397369385,1.1917484998703003,0.44758906960487366,0.00044249207712709904,0.6749131679534912,0.0004424113139975816,615,0.9989575743675232,0.29972198605537415,1.375862717628479,0.27928391098976135,0.6168708205223083,0.21194635331630707,0.9477682709693909,0.19065643846988678,,,5.781723499298096,0.32257840037345886,0.024136461317539215,0.3900418281555176,0.024457762017846107,1.2517908811569214,0.12482130527496338,1.493576169013977,0.12206635624170303
,,,,21,,,,,,,,,,,,,,615,,,,,,,,,6.27448034286499,,,,,,,,,,
,,,,,,,,,0.001,,,,,,,,,616,,,,,,,,,,,,,,,,,,,
,,,,22,,,,,,,,,,,,,,619,,,,,,,,,,6.240419864654541,,,,,,,,,
,,,,22,,,,,,,,,,,,,,624,,,,,,,,,,6.247250556945801,,,,,,,,,
,,,,22,,,,,,,,,,,,,,629,,,,,,,,,,6.033377170562744,,,,,,,,,
,,,,22,,,,,,,,,,,,,,634,,,,,,,,,,5.971264362335205,,,,,,,,,
,,,,22,,,,,,,,,,,,,,639,,,,,,,,,,5.982979774475098,,,,,,,,,
0.43894243240356445,3487326.75,0.5875516533851624,0.12112108618021011,22,4.6570305824279785,0.0756501778960228,5.720781326293945,0.07055392116308212,,0.45724037289619446,81.91374969482422,1.2376978397369385,1.1603593826293945,0.4301334619522095,0.0004251561185810715,0.630394458770752,0.00042507718899287283,643,0.9785376191139221,0.28131282329559326,1.3516240119934082,0.273314505815506,0.6188960075378418,0.24408839643001556,0.9317033290863037,0.21921956539154053,,,5.957736968994141,0.28219759464263916,0.020284632220864296,0.36213740706443787,0.020432565361261368,1.2289522886276245,0.12405484914779663,1.4758648872375488,0.11992315202951431
,,,,22,,,,,,,,,,,,,,643,,,,,,,,,6.139798641204834,,,,,,,,,,
,,,,,,,,,0.001,,,,,,,,,644,,,,,,,,,,,,,,,,,,,
,,,,23,,,,,,,,,,,,,,644,,,,,,,,,,6.105339050292969,,,,,,,,,
,,,,23,,,,,,,,,,,,,,649,,,,,,,,,,5.969892501831055,,,,,,,,,
,,,,23,,,,,,,,,,,,,,654,,,,,,,,,,5.914304733276367,,,,,,,,,
,,,,23,,,,,,,,,,,,,,659,,,,,,,,,,5.946224212646484,,,,,,,,,
,,,,23,,,,,,,,,,,,,,664,,,,,,,,,,5.9413957595825195,,,,,,,,,
,,,,23,,,,,,,,,,,,,,669,,,,,,,,,,5.999958038330078,,,,,,,,,
0.531258225440979,3252237.75,0.6582731604576111,0.1192178800702095,23,4.770218849182129,0.07705361396074295,5.842992782592773,0.07198920100927353,,0.45724019408226013,66.20561981201172,1.2376978397369385,1.1740425825119019,0.4621249735355377,0.0004564464616123587,0.6795144081115723,0.0004562801623251289,671,0.9675986766815186,0.29233717918395996,1.3261609077453613,0.2751576006412506,0.5326050519943237,0.17818504571914673,0.8461053967475891,0.16142599284648895,,,5.941059589385986,0.3153371214866638,0.022693591192364693,0.38915881514549255,0.02290133200585842,1.2328753471374512,0.12420324236154556,1.480190396308899,0.12006551027297974
,,,,23,,,,,,,,,,,,,,671,,,,,,,,,6.055785179138184,,,,,,,,,,
,,,,,,,,,0.001,,,,,,,,,672,,,,,,,,,,,,,,,,,,,
,,,,24,,,,,,,,,,,,,,674,,,,,,,,,,6.095809459686279,,,,,,,,,
,,,,24,,,,,,,,,,,,,,679,,,,,,,,,,6.055368423461914,,,,,,,,,
,,,,24,,,,,,,,,,,,,,684,,,,,,,,,,6.0078582763671875,,,,,,,,,
,,,,24,,,,,,,,,,,,,,689,,,,,,,,,,5.858649253845215,,,,,,,,,
,,,,24,,,,,,,,,,,,,,694,,,,,,,,,,5.708883285522461,,,,,,,,,
,,,,24,,,,,,,,,,,,,,699,,,,,,,,,,6.07988166809082,,,,,,,,,
0.3989346921443939,2759530.0,0.5315644145011902,0.11361038684844971,24,4.5607991218566895,0.07376614958047867,5.5912394523620605,0.06903138756752014,,0.457240492105484,92.86841583251953,1.2376978397369385,1.163493275642395,0.4312005937099457,0.0004259445413481444,0.6050254702568054,0.0004259402339812368,699,0.8377442359924316,0.25549963116645813,1.1772589683532715,0.2557085156440735,0.5600475668907166,0.18681353330612183,0.8563508987426758,0.1628812849521637,,,5.678477764129639,0.24198158085346222,0.01812369003891945,0.31159868836402893,0.018199844285845757,1.241169810295105,0.12447813898324966,1.485045075416565,0.12104658037424088
,,,,24,,,,,,,,,,,,,,699,,,,,,,,,5.986875057220459,,,,,,,,,,
,,,,,,,,,0.001,,,,,,,,,700,,,,,,,,,,,,,,,,,,,
,,,,25,,,,,,,,,,,,,,704,,,,,,,,,,5.680455684661865,,,,,,,,,
,,,,25,,,,,,,,,,,,,,709,,,,,,,,,,5.734167098999023,,,,,,,,,
,,,,25,,,,,,,,,,,,,,714,,,,,,,,,,5.868673324584961,,,,,,,,,
,,,,25,,,,,,,,,,,,,,719,,,,,,,,,,5.730347156524658,,,,,,,,,
,,,,25,,,,,,,,,,,,,,724,,,,,,,,,,5.8016815185546875,,,,,,,,,
0.5986550450325012,2549351.25,0.7142322063446045,0.12984699010849,25,4.647019863128662,0.07564394921064377,5.72465705871582,0.07040705531835556,,0.45724013447761536,55.70672607421875,1.2376978397369385,1.1426135301589966,0.3834977447986603,0.0003787438909057528,0.5927812457084656,0.0003785951994359493,727,0.8561918139457703,0.24421608448028564,1.2154117822647095,0.24351973831653595,0.5278030037879944,0.22414709627628326,0.8261313438415527,0.19840355217456818,,,5.777811050415039,0.22897885739803314,0.016300536692142487,0.3130052983760834,0.016142429783940315,1.2494903802871704,0.1243678405880928,1.4933077096939087,0.12125879526138306
,,,,25,,,,,,,,,,,,,,727,,,,,,,,,5.891852378845215,,,,,,,,,,
,,,,,,,,,0.001,,,,,,,,,728,,,,,,,,,,,,,,,,,,,
,,,,26,,,,,,,,,,,,,,729,,,,,,,,,,5.80853271484375,,,,,,,,,
,,,,26,,,,,,,,,,,,,,734,,,,,,,,,,5.878836631774902,,,,,,,,,
,,,,26,,,,,,,,,,,,,,739,,,,,,,,,,5.964425086975098,,,,,,,,,
,,,,26,,,,,,,,,,,,,,744,,,,,,,,,,5.702155113220215,,,,,,,,,
,,,,26,,,,,,,,,,,,,,749,,,,,,,,,,5.696942329406738,,,,,,,,,
,,,,26,,,,,,,,,,,,,,754,,,,,,,,,,5.658487319946289,,,,,,,,,
0.46290597319602966,2653963.0,0.5697243809700012,0.11658326536417007,26,4.800076961517334,0.07806596904993057,5.899156093597412,0.07260409742593765,,0.45724013447761536,54.343509674072266,1.2376978397369385,1.1231893301010132,0.341748982667923,0.00033781855017878115,0.528763473033905,0.0003377454122528434,755,0.8314339518547058,0.2382539063692093,1.1666799783706665,0.2387959212064743,0.5913649201393127,0.22362546622753143,0.8745010495185852,0.2041475623846054,,,5.797414779663086,0.27295708656311035,0.019718904048204422,0.3313276469707489,0.019845260307192802,1.2417329549789429,0.12394732236862183,1.4876359701156616,0.1205252930521965
,,,,26,,,,,,,,,,,,,,755,,,,,,,,,5.825182914733887,,,,,,,,,,
,,,,,,,,,0.001,,,,,,,,,756,,,,,,,,,,,,,,,,,,,
,,,,27,,,,,,,,,,,,,,759,,,,,,,,,,5.830532073974609,,,,,,,,,
,,,,27,,,,,,,,,,,,,,764,,,,,,,,,,5.601956367492676,,,,,,,,,
,,,,27,,,,,,,,,,,,,,769,,,,,,,,,,5.885684967041016,,,,,,,,,
,,,,27,,,,,,,,,,,,,,774,,,,,,,,,,5.483365058898926,,,,,,,,,
,,,,27,,,,,,,,,,,,,,779,,,,,,,,,,5.764749526977539,,,,,,,,,
0.37802955508232117,2302146.0,0.5079321265220642,0.11878881603479385,27,4.331595420837402,0.0692339763045311,5.228148937225342,0.06592884659767151,,0.457241028547287,147.75010681152344,1.2376978397369385,1.1859468221664429,0.36938440799713135,0.00036499384441412985,0.5439178943634033,0.00036494145751930773,783,0.7773270606994629,0.2414042204618454,1.1190249919891357,0.2437037229537964,0.4606955051422119,0.19115965068340302,0.7243949770927429,0.1776190996170044,,,5.250285625457764,0.2069886177778244,0.01482320949435234,0.2855116128921509,0.01472879946231842,1.2303286790847778,0.12481766194105148,1.4855132102966309,0.11973712593317032
,,,,27,,,,,,,,,,,,,,783,,,,,,,,,5.712344169616699,,,,,,,,,,
,,,,,,,,,0.001,,,,,,,,,784,,,,,,,,,,,,,,,,,,,
,,,,28,,,,,,,,,,,,,,784,,,,,,,,,,5.552425384521484,,,,,,,,,
,,,,28,,,,,,,,,,,,,,789,,,,,,,,,,5.654374122619629,,,,,,,,,
,,,,28,,,,,,,,,,,,,,794,,,,,,,,,,5.538962364196777,,,,,,,,,
,,,,28,,,,,,,,,,,,,,799,,,,,,,,,,5.562507629394531,,,,,,,,,
,,,,28,,,,,,,,,,,,,,804,,,,,,,,,,5.701796531677246,,,,,,,,,
,,,,28,,,,,,,,,,,,,,809,,,,,,,,,,5.84511661529541,,,,,,,,,
0.5426185131072998,3148519.0,0.6696831583976746,0.12241845577955246,28,4.423760414123535,0.0710131898522377,5.381215572357178,0.06727134436368942,,0.45724067091941833,110.15316772460938,1.2376978397369385,1.1482902765274048,0.3711640536785126,0.0003668592544272542,0.5761559009552002,0.00036670209374278784,811,0.7762929797172546,0.24068434536457062,1.0996733903884888,0.24434347450733185,0.5063690543174744,0.22619624435901642,0.7550039291381836,0.20109248161315918,,,5.438974857330322,0.26926854252815247,0.01968071050941944,0.33520713448524475,0.019861815497279167,1.2298731803894043,0.12330528348684311,1.4764636754989624,0.11937632411718369
,,,,28,,,,,,,,,,,,,,811,,,,,,,,,5.652368068695068,,,,,,,,,,
,,,,,,,,,0.001,,,,,,,,,812,,,,,,,,,,,,,,,,,,,
,,,,29,,,,,,,,,,,,,,814,,,,,,,,,,5.616543292999268,,,,,,,,,
,,,,29,,,,,,,,,,,,,,819,,,,,,,,,,5.586409568786621,,,,,,,,,
,,,,29,,,,,,,,,,,,,,824,,,,,,,,,,5.400575637817383,,,,,,,,,
,,,,29,,,,,,,,,,,,,,829,,,,,,,,,,5.637411594390869,,,,,,,,,
,,,,29,,,,,,,,,,,,,,834,,,,,,,,,,5.589561462402344,,,,,,,,,
,,,,29,,,,,,,,,,,,,,839,,,,,,,,,,5.460609436035156,,,,,,,,,
0.3534452021121979,1877396.0,0.4746811091899872,0.12048505991697311,29,4.323118209838867,0.06897713243961334,5.216739177703857,0.06562825292348862,,0.4572409391403198,140.04261779785156,1.2376978397369385,1.1498892307281494,0.3374898135662079,0.00033377177896909416,0.5021917819976807,0.00033370754681527615,839,0.7257320880889893,0.21803319454193115,1.047024130821228,0.21361999213695526,0.46844300627708435,0.17629258334636688,0.7287141680717468,0.1646135300397873,,,5.137118816375732,0.2357972264289856,0.017122453078627586,0.301406592130661,0.017185455188155174,1.2359728813171387,0.12338614463806152,1.4828920364379883,0.11983229964971542
,,,,29,,,,,,,,,,,,,,839,,,,,,,,,5.562127113342285,,,,,,,,,,
,,,,,,,,,0.001,,,,,,,,,840,,,,,,,,,,,,,,,,,,,
,,,,30,,,,,,,,,,,,,,844,,,,,,,,,,5.602361679077148,,,,,,,,,
,,,,30,,,,,,,,,,,,,,849,,,,,,,,,,5.693347930908203,,,,,,,,,
,,,,30,,,,,,,,,,,,,,854,,,,,,,,,,5.625328063964844,,,,,,,,,
,,,,30,,,,,,,,,,,,,,859,,,,,,,,,,5.268628120422363,,,,,,,,,
,,,,30,,,,,,,,,,,,,,864,,,,,,,,,,5.434764862060547,,,,,,,,,
0.46373558044433594,3559585.25,0.6368353366851807,0.12528754770755768,30,4.408012390136719,0.07061704248189926,5.354771137237549,0.06706666201353073,,0.457240492105484,92.1764144897461,1.2376978397369385,1.152220606803894,0.31425777077674866,0.0003106581571046263,0.4862096309661865,0.0003105919749941677,867,0.7646923661231995,0.2198706865310669,1.04790198802948,0.22346024215221405,0.43149125576019287,0.14622484147548676,0.7030342221260071,0.13786771893501282,,,5.209185600280762,0.21616555750370026,0.01634669117629528,0.27090537548065186,0.01643897034227848,1.2265753746032715,0.12544812262058258,1.4909086227416992,0.11964437365531921
,,,,30,,,,,,,,,,,,,,867,,,,,,,,,5.524874687194824,,,,,,,,,,
,,,,,,,,,0.001,,,,,,,,,868,,,,,,,,,,,,,,,,,,,
,,,,31,,,,,,,,,,,,,,869,,,,,,,,,,5.337793350219727,,,,,,,,,
,,,,31,,,,,,,,,,,,,,874,,,,,,,,,,5.507662296295166,,,,,,,,,
,,,,31,,,,,,,,,,,,,,879,,,,,,,,,,5.370481014251709,,,,,,,,,
,,,,31,,,,,,,,,,,,,,884,,,,,,,,,,5.538191795349121,,,,,,,,,
,,,,31,,,,,,,,,,,,,,889,,,,,,,,,,5.559088706970215,,,,,,,,,
,,,,31,,,,,,,,,,,,,,894,,,,,,,,,,5.366888046264648,,,,,,,,,
0.4348461627960205,4241232.5,0.5959929823875427,0.1241690143942833,31,4.252360820770264,0.06715959310531616,5.14179801940918,0.06463692337274551,,0.4572409391403198,139.91001892089844,1.2376978397369385,1.1601701974868774,0.3303734362125397,0.0003263646794948727,0.5058059692382812,0.0003263214894104749,895,0.7108003497123718,0.2023712545633316,1.0269947052001953,0.19840598106384277,0.44655928015708923,0.14034803211688995,0.6961118578910828,0.14009802043437958,,,5.035297393798828,0.18583665788173676,0.013419940136373043,0.25565674901008606,0.013349485583603382,1.2302860021591187,0.12353213876485825,1.4809271097183228,0.11933586746454239
,,,,31,,,,,,,,,,,,,,895,,,,,,,,,5.4396772384643555,,,,,,,,,,
,,,,,,,,,0.001,,,,,,,,,896,,,,,,,,,,,,,,,,,,,
,,,,32,,,,,,,,,,,,,,899,,,,,,,,,,5.679732322692871,,,,,,,,,
,,,,32,,,,,,,,,,,,,,904,,,,,,,,,,5.214679718017578,,,,,,,,,
,,,,32,,,,,,,,,,,,,,909,,,,,,,,,,5.519770622253418,,,,,,,,,
,,,,32,,,,,,,,,,,,,,914,,,,,,,,,,5.2482380867004395,,,,,,,,,
,,,,32,,,,,,,,,,,,,,919,,,,,,,,,,5.143470764160156,,,,,,,,,
0.4642848074436188,3669598.75,0.6548276543617249,0.12526363134384155,32,4.423952579498291,0.07083030790090561,5.374701976776123,0.06708929687738419,,0.4572405517101288,100.40951538085938,1.2376978397369385,1.142281174659729,0.2952176630496979,0.0002918120299000293,0.45940378308296204,0.0002917341189458966,923,0.6637991070747375,0.18908441066741943,0.9750009179115295,0.19001038372516632,0.4590500593185425,0.13821373879909515,0.7315731048583984,0.14380721747875214,,,5.177704334259033,0.1831197589635849,0.013190217316150665,0.24848496913909912,0.01312792208045721,1.2304469347000122,0.1250947266817093,1.4877490997314453,0.11974424123764038
,,,,32,,,,,,,,,,,,,,923,,,,,,,,,5.388619422912598,,,,,,,,,,
,,,,,,,,,0.001,,,,,,,,,924,,,,,,,,,,,,,,,,,,,
,,,,33,,,,,,,,,,,,,,924,,,,,,,,,,5.300444602966309,,,,,,,,,
,,,,33,,,,,,,,,,,,,,929,,,,,,,,,,5.142233371734619,,,,,,,,,
,,,,33,,,,,,,,,,,,,,934,,,,,,,,,,5.631812572479248,,,,,,,,,
,,,,33,,,,,,,,,,,,,,939,,,,,,,,,,5.405699729919434,,,,,,,,,
,,,,33,,,,,,,,,,,,,,944,,,,,,,,,,5.299398899078369,,,,,,,,,
,,,,33,,,,,,,,,,,,,,949,,,,,,,,,,5.333453178405762,,,,,,,,,
0.38305339217185974,3145566.75,0.564140260219574,0.12227559089660645,33,4.467431545257568,0.0712851732969284,5.451391696929932,0.06783323734998703,,0.45724043250083923,87.24054718017578,1.2376978397369385,1.1357976198196411,0.3899923264980316,0.00038549304008483887,0.5301207304000854,0.00038550083991140127,951,0.6770547032356262,0.2015881985425949,0.9673030972480774,0.2085360288619995,0.4435289800167084,0.14965172111988068,0.6784639954566956,0.1467294842004776,,,5.187110424041748,0.27444615960121155,0.02031567692756653,0.3238104283809662,0.020577825605869293,1.2577539682388306,0.12362390756607056,1.5070443153381348,0.12133229523897171
,,,,33,,,,,,,,,,,,,,951,,,,,,,,,5.337344169616699,,,,,,,,,,
,,,,,,,,,0.001,,,,,,,,,952,,,,,,,,,,,,,,,,,,,
,,,,34,,,,,,,,,,,,,,954,,,,,,,,,,5.3108015060424805,,,,,,,,,
,,,,34,,,,,,,,,,,,,,959,,,,,,,,,,5.476564407348633,,,,,,,,,
,,,,34,,,,,,,,,,,,,,964,,,,,,,,,,5.288182735443115,,,,,,,,,
,,,,34,,,,,,,,,,,,,,969,,,,,,,,,,5.299446105957031,,,,,,,,,
,,,,34,,,,,,,,,,,,,,974,,,,,,,,,,5.262818336486816,,,,,,,,,
,,,,34,,,,,,,,,,,,,,979,,,,,,,,,,4.965244293212891,,,,,,,,,
0.412179559469223,2855772.0,0.5861573219299316,0.1199968084692955,34,4.098878383636475,0.06364570558071136,4.953150272369385,0.06213817000389099,,0.4572416841983795,215.95330810546875,1.2376978397369385,1.1805543899536133,0.3942069113254547,0.000389080960303545,0.5388230681419373,0.0003891037777066231,979,0.6069486141204834,0.1795753687620163,0.9090693593025208,0.1711270958185196,0.4132416248321533,0.13490916788578033,0.6429564356803894,0.1332712322473526,,,4.812650203704834,0.23533941805362701,0.017268911004066467,0.2899971306324005,0.017406096681952477,1.227794885635376,0.12328215688467026,1.4875516891479492,0.1189788356423378
,,,,34,,,,,,,,,,,,,,979,,,,,,,,,5.295921325683594,,,,,,,,,,
,,,,,,,,,0.001,,,,,,,,,980,,,,,,,,,,,,,,,,,,,
,,,,35,,,,,,,,,,,,,,984,,,,,,,,,,5.266654968261719,,,,,,,,,
,,,,35,,,,,,,,,,,,,,989,,,,,,,,,,5.286080360412598,,,,,,,,,
,,,,35,,,,,,,,,,,,,,994,,,,,,,,,,5.100542068481445,,,,,,,,,
,,,,35,,,,,,,,,,,,,,999,,,,,,,,,,5.3123602867126465,,,,,,,,,
,,,,35,,,,,,,,,,,,,,1004,,,,,,,,,,5.045736789703369,,,,,,,,,
0.3565187454223633,2694288.75,0.5158047676086426,0.1192716732621193,35,4.2626423835754395,0.06736502796411514,5.154460430145264,0.06486528366804123,,0.45724058151245117,105.31678009033203,1.2376978397369385,1.1576741933822632,0.2895377576351166,0.0002860529057215899,0.44145849347114563,0.00028597869095392525,1007,0.5968000888824463,0.17206819355487823,0.8959214091300964,0.16244852542877197,0.3847086429595947,0.12881384789943695,0.6276693344116211,0.13031058013439178,,,4.87138032913208,0.2063441276550293,0.015353341586887836,0.2575776278972626,0.015442341566085815,1.2153611183166504,0.12333443760871887,1.480359673500061,0.11817600578069687
,,,,35,,,,,,,,,,,,,,1007,,,,,,,,,5.224793434143066,,,,,,,,,,
,,,,,,,,,0.001,,,,,,,,,1008,,,,,,,,,,,,,,,,,,,
,,,,36,,,,,,,,,,,,,,1009,,,,,,,,,,4.993104934692383,,,,,,,,,
,,,,36,,,,,,,,,,,,,,1014,,,,,,,,,,5.2301025390625,,,,,,,,,
,,,,36,,,,,,,,,,,,,,1019,,,,,,,,,,5.142827987670898,,,,,,,,,
,,,,36,,,,,,,,,,,,,,1024,,,,,,,,,,5.269635200500488,,,,,,,,,
,,,,36,,,,,,,,,,,,,,1029,,,,,,,,,,5.172050476074219,,,,,,,,,
,,,,36,,,,,,,,,,,,,,1034,,,,,,,,,,5.25410270690918,,,,,,,,,
0.5284107327461243,2446083.75,0.6251940727233887,0.11969035863876343,36,4.508397579193115,0.07233130186796188,5.519792556762695,0.06840140372514725,,0.4572403132915497,74.22686004638672,1.2376978397369385,1.1181564331054688,0.3616431653499603,0.00035741479950957,0.5046796798706055,0.0003574029542505741,1035,0.5668978095054626,0.17073917388916016,0.8521127700805664,0.1606319546699524,0.3857083320617676,0.1170218363404274,0.6318063139915466,0.1242225393652916,,,5.156630039215088,0.18853558599948883,0.014298283495008945,0.23809389770030975,0.014357030391693115,1.2274529933929443,0.12348383665084839,1.4966884851455688,0.1188003420829773
,,,,36,,,,,,,,,,,,,,1035,,,,,,,,,5.1847381591796875,,,,,,,,,,
,,,,,,,,,0.001,,,,,,,,,1036,,,,,,,,,,,,,,,,,,,
,,,,37,,,,,,,,,,,,,,1039,,,,,,,,,,5.270859718322754,,,,,,,,,
,,,,37,,,,,,,,,,,,,,1044,,,,,,,,,,5.175299167633057,,,,,,,,,
,,,,37,,,,,,,,,,,,,,1049,,,,,,,,,,5.244543075561523,,,,,,,,,
,,,,37,,,,,,,,,,,,,,1054,,,,,,,,,,5.033387660980225,,,,,,,,,
,,,,37,,,,,,,,,,,,,,1059,,,,,,,,,,5.110166549682617,,,,,,,,,
0.4044128358364105,2770214.25,0.5037053227424622,0.11657514423131943,37,4.3974289894104,0.07014093548059464,5.369694232940674,0.06694751232862473,,0.45724037289619446,83.7240219116211,1.2376978397369385,1.1366033554077148,0.2949564456939697,0.00029162081773392856,0.4383542239665985,0.00029158618417568505,1063,0.5740396976470947,0.16648131608963013,0.8676756024360657,0.15809428691864014,0.40152621269226074,0.12532632052898407,0.6457040905952454,0.12512172758579254,,,4.95934534072876,0.17662115395069122,0.013228771276772022,0.2264580875635147,0.013245020061731339,1.2309393882751465,0.12368194013834,1.4992729425430298,0.11914491653442383
,,,,37,,,,,,,,,,,,,,1063,,,,,,,,,5.149166107177734,,,,,,,,,,
,,,,,,,,,0.001,,,,,,,,,1064,,,,,,,,,,,,,,,,,,,
,,,,38,,,,,,,,,,,,,,1064,,,,,,,,,,4.931460380554199,,,,,,,,,
,,,,38,,,,,,,,,,,,,,1069,,,,,,,,,,4.982852935791016,,,,,,,,,
,,,,38,,,,,,,,,,,,,,1074,,,,,,,,,,4.972643852233887,,,,,,,,,
,,,,38,,,,,,,,,,,,,,1079,,,,,,,,,,5.359750270843506,,,,,,,,,
,,,,38,,,,,,,,,,,,,,1084,,,,,,,,,,5.131567478179932,,,,,,,,,
,,,,38,,,,,,,,,,,,,,1089,,,,,,,,,,5.009466171264648,,,,,,,,,
0.4910433292388916,3308511.25,0.6338474750518799,0.12464901059865952,38,4.415563106536865,0.07027774304151535,5.502662181854248,0.06730499863624573,,0.4572402536869049,73.66490173339844,1.2376978397369385,1.138210415840149,0.2881105840206146,0.00028464526985771954,0.4421141445636749,0.00028458971064537764,1091,0.5189528465270996,0.16215810179710388,0.7848291397094727,0.15652251243591309,0.4320552349090576,0.14727908372879028,0.7007473111152649,0.1381542980670929,,,5.062625885009766,0.2064608335494995,0.015263229608535767,0.2537553608417511,0.01537672895938158,1.2574355602264404,0.12429076433181763,1.511246681213379,0.12130049616098404
,,,,38,,,,,,,,,,,,,,1091,,,,,,,,,5.114131450653076,,,,,,,,,,
,,,,,,,,,0.001,,,,,,,,,1092,,,,,,,,,,,,,,,,,,,
,,,,39,,,,,,,,,,,,,,1094,,,,,,,,,,5.008338928222656,,,,,,,,,
,,,,39,,,,,,,,,,,,,,1099,,,,,,,,,,5.206770896911621,,,,,,,,,
,,,,39,,,,,,,,,,,,,,1104,,,,,,,,,,5.154535293579102,,,,,,,,,
,,,,39,,,,,,,,,,,,,,1109,,,,,,,,,,5.047433853149414,,,,,,,,,
,,,,39,,,,,,,,,,,,,,1114,,,,,,,,,,4.899794578552246,,,,,,,,,
,,,,39,,,,,,,,,,,,,,1119,,,,,,,,,,4.982470512390137,,,,,,,,,
0.4175252914428711,2465021.75,0.5430532097816467,0.12089435011148453,39,4.700193881988525,0.07471954077482224,5.837120056152344,0.07140455394983292,,0.4572400748729706,48.09584426879883,1.2376978397369385,1.1323742866516113,0.2769639790058136,0.00027376043726690114,0.41403090953826904,0.0002737244067247957,1119,0.5055069327354431,0.15348641574382782,0.7855938076972961,0.14625225961208344,0.39833101630210876,0.13425888121128082,0.6827834248542786,0.1282488852739334,,,5.188384532928467,0.18301671743392944,0.013755936175584793,0.22944174706935883,0.013810604810714722,1.2218989133834839,0.12274309247732162,1.4899497032165527,0.11829758435487747
,,,,39,,,,,,,,,,,,,,1119,,,,,,,,,5.038414001464844,,,,,,,,,,
,,,,,,,,,0.001,,,,,,,,,1120,,,,,,,,,,,,,,,,,,,
,,,,40,,,,,,,,,,,,,,1124,,,,,,,,,,5.110101222991943,,,,,,,,,
,,,,40,,,,,,,,,,,,,,1129,,,,,,,,,,5.042130470275879,,,,,,,,,
,,,,40,,,,,,,,,,,,,,1134,,,,,,,,,,5.004786491394043,,,,,,,,,
,,,,40,,,,,,,,,,,,,,1139,,,,,,,,,,4.949723243713379,,,,,,,,,
,,,,40,,,,,,,,,,,,,,1144,,,,,,,,,,4.920553207397461,,,,,,,,,
0.35242128372192383,2208949.0,0.4541357755661011,0.12289763242006302,40,4.6919379234313965,0.0759696289896965,5.7721171379089355,0.07129397243261337,,0.4572399854660034,41.05314254760742,1.2376978397369385,1.120021939277649,0.37698885798454285,0.00037202899693511426,0.4780910015106201,0.00037205428816378117,1147,0.47452858090400696,0.14742334187030792,0.7502314448356628,0.14080406725406647,0.36518311500549316,0.11953786760568619,0.5587307810783386,0.12005259841680527,,,5.226541519165039,0.2303026169538498,0.017259160056710243,0.2739628255367279,0.017476119101047516,1.26376473903656,0.12400314956903458,1.5153483152389526,0.1221136823296547
,,,,40,,,,,,,,,,,,,,1147,,,,,,,,,5.010895729064941,,,,,,,,,,
,,,,,,,,,0.001,,,,,,,,,1148,,,,,,,,,,,,,,,,,,,
,,,,41,,,,,,,,,,,,,,1149,,,,,,,,,,4.9660515785217285,,,,,,,,,
,,,,41,,,,,,,,,,,,,,1154,,,,,,,,,,4.941091537475586,,,,,,,,,
,,,,41,,,,,,,,,,,,,,1159,,,,,,,,,,4.78692102432251,,,,,,,,,
,,,,41,,,,,,,,,,,,,,1164,,,,,,,,,,4.911057472229004,,,,,,,,,
,,,,41,,,,,,,,,,,,,,1169,,,,,,,,,,4.97930383682251,,,,,,,,,
,,,,41,,,,,,,,,,,,,,1174,,,,,,,,,,4.889019966125488,,,,,,,,,
0.4428642690181732,4031201.25,0.6339668035507202,0.1270078718662262,41,4.554994106292725,0.07164358347654343,5.54249382019043,0.0690794587135315,,0.4572400748729706,54.28460693359375,1.2376978397369385,1.1543149948120117,0.3503887951374054,0.00034577763290144503,0.45746901631355286,0.00034579061320982873,1175,0.4852360188961029,0.14614878594875336,0.746467113494873,0.14154648780822754,0.39827823638916016,0.13352157175540924,0.5753533840179443,0.13242222368717194,,,5.005505084991455,0.17472802102565765,0.013392272405326366,0.2177097350358963,0.013442977331578732,1.2291561365127563,0.12290328741073608,1.5091862678527832,0.11864489316940308
,,,,41,,,,,,,,,,,,,,1175,,,,,,,,,4.971505641937256,,,,,,,,,,
,,,,,,,,,0.001,,,,,,,,,1176,,,,,,,,,,,,,,,,,,,
,,,,42,,,,,,,,,,,,,,1179,,,,,,,,,,5.06008243560791,,,,,,,,,
,,,,42,,,,,,,,,,,,,,1184,,,,,,,,,,4.9458794593811035,,,,,,,,,
,,,,42,,,,,,,,,,,,,,1189,,,,,,,,,,4.9683732986450195,,,,,,,,,
,,,,42,,,,,,,,,,,,,,1194,,,,,,,,,,4.863080024719238,,,,,,,,,
,,,,42,,,,,,,,,,,,,,1199,,,,,,,,,,4.945263862609863,,,,,,,,,
0.4017430543899536,2951275.0,0.5320703983306885,0.1212521567940712,42,4.716154098510742,0.07509410381317139,5.793094158172607,0.07139815390110016,,0.4572400748729706,49.47492599487305,1.2376978397369385,1.1233335733413696,0.2893296778202057,0.0002856198407243937,0.44303154945373535,0.00028558290796354413,1203,0.4679469168186188,0.14065523445606232,0.7357051372528076,0.13204729557037354,0.36248183250427246,0.1133795976638794,0.5761891007423401,0.11192410439252853,,,5.077680587768555,0.15518127381801605,0.011631502769887447,0.20226024091243744,0.01162086334079504,1.2410311698913574,0.12328050285577774,1.5001212358474731,0.11969351768493652
,,,,42,,,,,,,,,,,,,,1203,,,,,,,,,4.913886547088623,,,,,,,,,,
,,,,,,,,,0.001,,,,,,,,,1204,,,,,,,,,,,,,,,,,,,
,,,,43,,,,,,,,,,,,,,1204,,,,,,,,,,4.877245903015137,,,,,,,,,
,,,,43,,,,,,,,,,,,,,1209,,,,,,,,,,5.039570331573486,,,,,,,,,
,,,,43,,,,,,,,,,,,,,1214,,,,,,,,,,4.922114849090576,,,,,,,,,
,,,,43,,,,,,,,,,,,,,1219,,,,,,,,,,4.765629768371582,,,,,,,,,
,,,,43,,,,,,,,,,,,,,1224,,,,,,,,,,4.763947486877441,,,,,,,,,
,,,,43,,,,,,,,,,,,,,1229,,,,,,,,,,4.713212966918945,,,,,,,,,
0.4133126735687256,3023172.0,0.5469446778297424,0.12271439284086227,43,4.524328708648682,0.07135298103094101,5.524962902069092,0.0686473622918129,,0.4572400748729706,52.3989372253418,1.2376978397369385,1.1374554634094238,0.2733152508735657,0.0002697875606827438,0.4227239787578583,0.00026974300271831453,1231,0.4456499516963959,0.13331548869609833,0.7121955752372742,0.12632371485233307,0.33615827560424805,0.10871482640504837,0.5297696590423584,0.11349153518676758,,,4.892313003540039,0.15276126563549042,0.011434628628194332,0.19393812119960785,0.01144623477011919,1.2324093580245972,0.1233844980597496,1.5040702819824219,0.11908870935440063
,,,,43,,,,,,,,,,,,,,1231,,,,,,,,,4.882657051086426,,,,,,,,,,
,,,,,,,,,0.0005,,,,,,,,,1232,,,,,,,,,,,,,,,,,,,
,,,,44,,,,,,,,,,,,,,1234,,,,,,,,,,4.89042329788208,,,,,,,,,
,,,,44,,,,,,,,,,,,,,1239,,,,,,,,,,4.763228416442871,,,,,,,,,
,,,,44,,,,,,,,,,,,,,1244,,,,,,,,,,4.754489898681641,,,,,,,,,
,,,,44,,,,,,,,,,,,,,1249,,,,,,,,,,4.899184703826904,,,,,,,,,
,,,,44,,,,,,,,,,,,,,1254,,,,,,,,,,4.831394195556641,,,,,,,,,
,,,,44,,,,,,,,,,,,,,1259,,,,,,,,,,4.874276638031006,,,,,,,,,
0.36512959003448486,3346628.0,0.5199903249740601,0.1198607087135315,44,4.7674078941345215,0.07576126605272293,5.817226409912109,0.07212802767753601,,0.4572399854660034,40.262237548828125,1.2376978397369385,1.1253434419631958,0.2607251703739166,0.0002574139507487416,0.3968382775783539,0.0002573829551693052,1259,0.46495404839515686,0.1333770453929901,0.7301063537597656,0.1270817071199417,0.3399721086025238,0.1050633117556572,0.5220882892608643,0.10858216136693954,,,5.042392253875732,0.17385892570018768,0.013229835778474808,0.2153858095407486,0.013301960192620754,1.2362885475158691,0.1225772276520729,1.5014744997024536,0.11929979175329208
,,,,44,,,,,,,,,,,,,,1259,,,,,,,,,4.83676815032959,,,,,,,,,,
,,,,,,,,,0.0005,,,,,,,,,1260,,,,,,,,,,,,,,,,,,,
,,,,45,,,,,,,,,,,,,,1264,,,,,,,,,,4.90289306640625,,,,,,,,,
,,,,45,,,,,,,,,,,,,,1269,,,,,,,,,,4.805951118469238,,,,,,,,,
,,,,45,,,,,,,,,,,,,,1274,,,,,,,,,,4.768179893493652,,,,,,,,,
,,,,45,,,,,,,,,,,,,,1279,,,,,,,,,,4.662987232208252,,,,,,,,,
,,,,45,,,,,,,,,,,,,,1284,,,,,,,,,,4.871368408203125,,,,,,,,,
0.35325250029563904,3295811.25,0.5096409320831299,0.12074162811040878,45,4.679937362670898,0.07410567998886108,5.7173237800598145,0.07096792012453079,,0.4572399854660034,42.601200103759766,1.2376978397369385,1.1264797449111938,0.2492094784975052,0.0002461636031512171,0.38773563504219055,0.0002461181429680437,1287,0.4783709943294525,0.14578291773796082,0.7377657890319824,0.14423023164272308,0.3590869605541229,0.11095574498176575,0.5752156376838684,0.11269018799066544,,,4.957104206085205,0.16215479373931885,0.012279865331947803,0.2040119618177414,0.012306331656873226,1.2272588014602661,0.12305718660354614,1.5012993812561035,0.11858582496643066
,,,,45,,,,,,,,,,,,,,1287,,,,,,,,,4.777115821838379,,,,,,,,,,
,,,,,,,,,0.0005,,,,,,,,,1288,,,,,,,,,,,,,,,,,,,
,,,,46,,,,,,,,,,,,,,1289,,,,,,,,,,5.035659313201904,,,,,,,,,
,,,,46,,,,,,,,,,,,,,1294,,,,,,,,,,4.8311004638671875,,,,,,,,,
,,,,46,,,,,,,,,,,,,,1299,,,,,,,,,,5.043518543243408,,,,,,,,,
,,,,46,,,,,,,,,,,,,,1304,,,,,,,,,,4.680972099304199,,,,,,,,,
,,,,46,,,,,,,,,,,,,,1309,,,,,,,,,,4.840059280395508,,,,,,,,,
,,,,46,,,,,,,,,,,,,,1314,,,,,,,,,,4.842228889465332,,,,,,,,,
0.3237065076828003,3194800.75,0.438962459564209,0.11831390857696533,46,4.882601261138916,0.07899630814790726,6.040693759918213,0.07412797957658768,,0.45723986625671387,28.217180252075195,1.2376978397369385,1.1109520196914673,0.27650734782218933,0.00027314675389789045,0.39988112449645996,0.0002731129352468997,1315,0.43192264437675476,0.13046301901340485,0.6698196530342102,0.12360265105962753,0.34304237365722656,0.1002042293548584,0.5329147577285767,0.11022087186574936,,,5.200039386749268,0.17569862306118011,0.013263012282550335,0.2151932716369629,0.013344484381377697,1.2296396493911743,0.12294560670852661,1.505051612854004,0.11875403672456741
,,,,46,,,,,,,,,,,,,,1315,,,,,,,,,4.7884392738342285,,,,,,,,,,
,,,,,,,,,0.0005,,,,,,,,,1316,,,,,,,,,,,,,,,,,,,
,,,,47,,,,,,,,,,,,,,1319,,,,,,,,,,4.891869068145752,,,,,,,,,
,,,,47,,,,,,,,,,,,,,1324,,,,,,,,,,4.81610107421875,,,,,,,,,
,,,,47,,,,,,,,,,,,,,1329,,,,,,,,,,4.716924667358398,,,,,,,,,
,,,,47,,,,,,,,,,,,,,1334,,,,,,,,,,4.79502010345459,,,,,,,,,
,,,,47,,,,,,,,,,,,,,1339,,,,,,,,,,4.712508201599121,,,,,,,,,
0.3373485505580902,3353982.0,0.47949084639549255,0.12047451734542847,47,4.689494609832764,0.07500650733709335,5.761870861053467,0.07145887613296509,,0.45723989605903625,34.844635009765625,1.2376978397369385,1.1254976987838745,0.3177852928638458,0.0003138225001748651,0.41830599308013916,0.0003138310567010194,1343,0.4149761497974396,0.1257692128419876,0.6545157432556152,0.11828362941741943,0.3414224684238434,0.10460418462753296,0.5155606269836426,0.11162402480840683,,,4.986897945404053,0.1525355577468872,0.011529505252838135,0.19077205657958984,0.011546718887984753,1.2325941324234009,0.12394595146179199,1.5132780075073242,0.11895877122879028
,,,,47,,,,,,,,,,,,,,1343,,,,,,,,,4.742316246032715,,,,,,,,,,
,,,,,,,,,0.0005,,,,,,,,,1344,,,,,,,,,,,,,,,,,,,
,,,,48,,,,,,,,,,,,,,1344,,,,,,,,,,4.7536725997924805,,,,,,,,,
,,,,48,,,,,,,,,,,,,,1349,,,,,,,,,,4.574023246765137,,,,,,,,,
,,,,48,,,,,,,,,,,,,,1354,,,,,,,,,,4.723176956176758,,,,,,,,,
,,,,48,,,,,,,,,,,,,,1359,,,,,,,,,,4.446015357971191,,,,,,,,,
,,,,48,,,,,,,,,,,,,,1364,,,,,,,,,,4.69852352142334,,,,,,,,,
,,,,48,,,,,,,,,,,,,,1369,,,,,,,,,,4.963561058044434,,,,,,,,,
0.33172640204429626,2977959.0,0.4706808030605316,0.11634442210197449,48,4.813106060028076,0.07616271823644638,5.905733585357666,0.07267744094133377,,0.45723986625671387,30.172040939331055,1.2376978397369385,1.1155270338058472,0.3328707218170166,0.0003285174025222659,0.43719568848609924,0.00032852383446879685,1371,0.4043982923030853,0.1440994292497635,0.6171963810920715,0.14544957876205444,0.3087031841278076,0.0947231873869896,0.4776770770549774,0.10541477799415588,,,5.0168914794921875,0.15412575006484985,0.011684704571962357,0.19247353076934814,0.011708264239132404,1.2193619012832642,0.12363114207983017,1.5103797912597656,0.1180361807346344
,,,,48,,,,,,,,,,,,,,1371,,,,,,,,,4.71484375,,,,,,,,,,
,,,,,,,,,0.0005,,,,,,,,,1372,,,,,,,,,,,,,,,,,,,
,,,,49,,,,,,,,,,,,,,1374,,,,,,,,,,4.791948318481445,,,,,,,,,
,,,,49,,,,,,,,,,,,,,1379,,,,,,,,,,4.607828140258789,,,,,,,,,
,,,,49,,,,,,,,,,,,,,1384,,,,,,,,,,4.5802130699157715,,,,,,,,,
,,,,49,,,,,,,,,,,,,,1389,,,,,,,,,,4.639573097229004,,,,,,,,,
,,,,49,,,,,,,,,,,,,,1394,,,,,,,,,,4.5892181396484375,,,,,,,,,
,,,,49,,,,,,,,,,,,,,1399,,,,,,,,,,4.806086540222168,,,,,,,,,
0.3064337968826294,3086228.75,0.4160909354686737,0.11410492658615112,49,4.900989055633545,0.07812826335430145,5.994449615478516,0.07419142127037048,,0.45723986625671387,26.6215877532959,1.2376978397369385,1.1050289869308472,0.2767121493816376,0.0002732191060204059,0.41757380962371826,0.0002731671556830406,1399,0.4049156606197357,0.11913038045167923,0.6612422466278076,0.11447068303823471,0.3179459273815155,0.10550454258918762,0.502364993095398,0.10616061836481094,,,5.106811046600342,0.1506333202123642,0.011317707598209381,0.18941710889339447,0.01133546233177185,1.247185230255127,0.12364321947097778,1.5169614553451538,0.12013161182403564
,,,,49,,,,,,,,,,,,,,1399,,,,,,,,,4.676544189453125,,,,,,,,,,
,,,,,,,,,0.0005,,,,,,,,,1400,,,,,,,,,,,,,,,,,,,
,,,,50,,,,,,,,,,,,,,1404,,,,,,,,,,4.65815544128418,,,,,,,,,
,,,,50,,,,,,,,,,,,,,1409,,,,,,,,,,4.598171234130859,,,,,,,,,
,,,,50,,,,,,,,,,,,,,1414,,,,,,,,,,4.574420928955078,,,,,,,,,
,,,,50,,,,,,,,,,,,,,1419,,,,,,,,,,4.670000076293945,,,,,,,,,
,,,,50,,,,,,,,,,,,,,1424,,,,,,,,,,4.5483174324035645,,,,,,,,,
0.32210829854011536,2938671.75,0.45532020926475525,0.11831015348434448,50,5.045505046844482,0.08098961412906647,6.191545486450195,0.07627823203802109,,0.4572398364543915,22.143930435180664,1.2376978397369385,1.1031228303909302,0.24714915454387665,0.00024402585404459387,0.39169493317604065,0.00024397978268098086,1427,0.40831470489501953,0.11837637424468994,0.6521396040916443,0.11360440403223038,0.32147204875946045,0.09577978402376175,0.5056837201118469,0.10796833038330078,,,5.178012847900391,0.15038461983203888,0.011346295475959778,0.19079291820526123,0.011374416761100292,1.2457829713821411,0.12312690168619156,1.5156103372573853,0.11984264850616455
,,,,50,,,,,,,,,,,,,,1427,,,,,,,,,4.6444091796875,,,,,,,,,,
,,,,,,,,,0.0005,,,,,,,,,1428,,,,,,,,,,,,,,,,,,,
,,,,51,,,,,,,,,,,,,,1429,,,,,,,,,,4.522714614868164,,,,,,,,,
,,,,51,,,,,,,,,,,,,,1434,,,,,,,,,,4.6787614822387695,,,,,,,,,
,,,,51,,,,,,,,,,,,,,1439,,,,,,,,,,4.575546741485596,,,,,,,,,
,,,,51,,,,,,,,,,,,,,1444,,,,,,,,,,4.604445934295654,,,,,,,,,
,,,,51,,,,,,,,,,,,,,1449,,,,,,,,,,4.407450199127197,,,,,,,,,
,,,,51,,,,,,,,,,,,,,1454,,,,,,,,,,4.713827610015869,,,,,,,,,
0.4053761065006256,2954660.75,0.544926106929779,0.12266463041305542,51,4.92228364944458,0.0783480778336525,6.040371417999268,0.0747249647974968,,0.4572398364543915,25.458566665649414,1.2376978397369385,1.1198471784591675,0.3001287281513214,0.0002963571751024574,0.4034734070301056,0.0002963499864563346,1455,0.38988614082336426,0.11268863826990128,0.6330156326293945,0.10602884739637375,0.3146367371082306,0.10283353924751282,0.4706443250179291,0.11405665427446365,,,5.0837788581848145,0.14348918199539185,0.010706006549298763,0.1832699328660965,0.01069997251033783,1.240594744682312,0.1236007809638977,1.518538475036621,0.11952000856399536
,,,,51,,,,,,,,,,,,,,1455,,,,,,,,,4.610953330993652,,,,,,,,,,
,,,,,,,,,0.0005,,,,,,,,,1456,,,,,,,,,,,,,,,,,,,
,,,,52,,,,,,,,,,,,,,1459,,,,,,,,,,4.950296401977539,,,,,,,,,
,,,,52,,,,,,,,,,,,,,1464,,,,,,,,,,4.62773323059082,,,,,,,,,
,,,,52,,,,,,,,,,,,,,1469,,,,,,,,,,4.558865070343018,,,,,,,,,
,,,,52,,,,,,,,,,,,,,1474,,,,,,,,,,4.6466169357299805,,,,,,,,,
,,,,52,,,,,,,,,,,,,,1479,,,,,,,,,,4.396193504333496,,,,,,,,,
0.3067558705806732,2326903.0,0.43385353684425354,0.11569925397634506,52,4.741425037384033,0.07405687123537064,5.818797588348389,0.07158061116933823,,0.45723995566368103,35.61545944213867,1.2376978397369385,1.1329001188278198,0.2726278603076935,0.00026909931330010295,0.390315443277359,0.00026907649589702487,1483,0.36249813437461853,0.11548198014497757,0.5818281173706055,0.11333632469177246,0.3055391013622284,0.09385133534669876,0.4724844992160797,0.10536426305770874,,,4.8196940422058105,0.13730348646640778,0.010399345308542252,0.17553238570690155,0.010393612086772919,1.2305556535720825,0.12282922863960266,1.511670708656311,0.11871233582496643
,,,,52,,,,,,,,,,,,,,1483,,,,,,,,,4.597005367279053,,,,,,,,,,
,,,,,,,,,0.0005,,,,,,,,,1484,,,,,,,,,,,,,,,,,,,
,,,,53,,,,,,,,,,,,,,1484,,,,,,,,,,4.665556907653809,,,,,,,,,
,,,,53,,,,,,,,,,,,,,1489,,,,,,,,,,4.7607011795043945,,,,,,,,,
,,,,53,,,,,,,,,,,,,,1494,,,,,,,,,,4.7834062576293945,,,,,,,,,
,,,,53,,,,,,,,,,,,,,1499,,,,,,,,,,4.629230499267578,,,,,,,,,
,,,,53,,,,,,,,,,,,,,1504,,,,,,,,,,4.732135772705078,,,,,,,,,
,,,,53,,,,,,,,,,,,,,1509,,,,,,,,,,4.318887233734131,,,,,,,,,
0.37742793560028076,4091436.25,0.5583867430686951,0.12578044831752777,53,4.775561809539795,0.07651345431804657,5.852342128753662,0.07260558009147644,,0.4572398364543915,25.72198486328125,1.2376978397369385,1.1084940433502197,0.24197876453399658,0.0002390501176705584,0.3909512758255005,0.00023898559447843581,1511,0.37979450821876526,0.1086781844496727,0.6069898009300232,0.10214255005121231,0.3118143081665039,0.09580603241920471,0.5075900554656982,0.10103974491357803,,,4.950450897216797,0.13987529277801514,0.010659542866051197,0.17720933258533478,0.010644732974469662,1.2221249341964722,0.12243206053972244,1.5050746202468872,0.1178121492266655
,,,,53,,,,,,,,,,,,,,1511,,,,,,,,,4.588071346282959,,,,,,,,,,
,,,,,,,,,0.0005,,,,,,,,,1512,,,,,,,,,,,,,,,,,,,
,,,,54,,,,,,,,,,,,,,1514,,,,,,,,,,4.5286641120910645,,,,,,,,,
,,,,54,,,,,,,,,,,,,,1519,,,,,,,,,,4.604589939117432,,,,,,,,,
,,,,54,,,,,,,,,,,,,,1524,,,,,,,,,,4.551303863525391,,,,,,,,,
,,,,54,,,,,,,,,,,,,,1529,,,,,,,,,,4.476523399353027,,,,,,,,,
,,,,54,,,,,,,,,,,,,,1534,,,,,,,,,,4.580620765686035,,,,,,,,,
,,,,54,,,,,,,,,,,,,,1539,,,,,,,,,,4.6038384437561035,,,,,,,,,
0.30136168003082275,2233386.25,0.42363035678863525,0.115789495408535,54,4.873404026031494,0.07715200632810593,5.938124179840088,0.07405246049165726,,0.4572398364543915,25.78464698791504,1.2376978397369385,1.1142669916152954,0.29662153124809265,0.000292828306555748,0.40679752826690674,0.00029281238676048815,1539,0.3655749559402466,0.1099495068192482,0.5834393501281738,0.10420725494623184,0.31245192885398865,0.10014591366052628,0.4895966947078705,0.10406875610351562,,,4.9525465965271,0.14310967922210693,0.010636975057423115,0.18180738389492035,0.010647856630384922,1.2224942445755005,0.12214597314596176,1.5072622299194336,0.11782878637313843
,,,,54,,,,,,,,,,,,,,1539,,,,,,,,,4.544978141784668,,,,,,,,,,
